-2.174269471061134329e+00,-9.510891268371903795e-01,4.723209675702410015e-01,-6.825904936429747494e-01,3.645029098882640040e-01,-1.342893254909462708e-01,2.530641539492989311e-01,7.658405215251810061e-01,5.060444774137660140e-01,-1.400153070327155636e+00,2.529436109061691251e-01,-1.262075562086105995e-01,-8.571661470746372302e-01,-5.123850976834695148e-01,-3.549853111968307995e-01,4.639115034245774177e-02,-1.625910090833388169e-15,2.126901864786484904e-15,-1.804609730409172884e-16,-1.677883578247480954e-18
-1.503677050200574961e+00,6.285283577747459161e-01,-9.311839672184983874e-01,3.166748627336826161e-01,-6.486658015070855265e-01,5.909495970484067717e-01,2.305660519350958559e-01,-4.046373619365584151e-01,1.079381733466099752e-01,4.548619670401863324e-01,9.128642628666823466e-02,-6.500170205891799835e-01,7.689716537271906738e-02,3.137828500133779674e-01,-2.653784371081059357e-01,2.053503798126465191e-02,3.440606285054139908e-15,1.173704946314099305e-15,-1.793437319591018687e-17,-3.657079466690775226e-19
4.262137792057595576e+00,1.402915235858970711e+00,-9.677731126008747298e-01,-1.141454814748520674e-01,1.596885994595349245e-01,6.117452098430502527e-01,2.289390175029029639e-01,-2.771236314802035250e-01,9.511883467925491553e-02,1.351248814233090512e+00,-6.031990717844123440e-01,6.094177469762596111e-01,-1.524573343773270862e-01,-7.836689584846396883e-01,-1.295562977109521452e-01,7.622349137352187401e-03,2.787035587261554198e-16,-4.487249193116527182e-16,-7.819508499548633121e-16,-7.773161973407450776e-18
3.782364966507693604e-01,-1.450441400275391590e+00,1.885477920727645085e+00,-8.306413771383889255e-01,1.953607854739104921e+00,-1.296341186341064322e+00,3.558780292030352399e-01,8.758928175850745346e-01,-4.057360030482068391e-02,-3.179691772645406589e-01,4.141691717293382591e-01,-4.570928132879570893e-01,4.096152272749387091e-01,-1.539355183703144947e-01,-3.575175833589198937e-02,-2.201763538738542997e-02,1.551193728846711179e-16,-7.069822920281722185e-17,-1.742362346405616333e-17,-1.201637284030994089e-18
8.059749632070702940e-01,-1.530047099357913568e-02,1.777585263938120441e+00,2.757359504780776849e+00,-6.975278310228598400e-02,-1.377719881728162732e-01,-3.935340505124010346e-01,7.128515201954132019e-01,-1.127799774932821131e-01,-3.103170612009210072e-01,6.550299480172168121e-01,2.382024209576784068e-01,1.633851509142431047e-01,2.105574872411828669e-01,7.038154193774619483e-01,2.870710424566387531e-02,1.298049569750804943e-16,8.888420620089494559e-17,-2.933796748703199751e-17,-1.424287649903228359e-18
4.531873563415884654e-01,-1.192671661700820840e+00,7.289341019662774757e-02,2.638003023544776560e-01,1.937271311142603480e-02,-8.650019222220714163e-03,5.006240711044644964e-01,3.127076054491191581e-02,5.411970171647927375e-01,-3.797913352637792284e-01,6.841500417213557395e-01,-8.951534495660646851e-01,3.612843503664100453e-01,-2.666712099545128223e-01,3.176811447051801074e-01,4.783146403445637240e-02,-6.220478765258508125e-17,-5.518699801281148797e-17,-2.319120856175218881e-17,-2.639590360564397674e-19
3.214087225615620991e+00,-1.282949462440675426e+00,4.062376149290806704e-01,-8.091326872734710962e-01,-7.400513591452626549e-01,-1.138469960521857616e-01,5.713949918360374802e-01,-9.560223049149070285e-01,7.442953629885620259e-01,3.062093525572112118e-01,-5.610933862701941166e-01,7.058678340696159514e-01,1.163412491763124307e-01,4.331509115590201353e-01,-1.978882775881392053e-01,1.154078099735559790e-02,-1.953862075540512745e-17,8.120451460772809882e-17,-4.496291688372166447e-18,3.062957511615784372e-18
1.413970814504838414e+00,-1.039549298965805058e+00,7.945984096256225593e-01,1.525686315244207281e+00,-3.613848019769017594e-01,2.622850048622818453e-01,4.023919431506793321e-01,-2.834071611772631116e-01,-1.659649738433676691e-01,5.263376523841517551e-01,1.060078533154780456e-01,-2.144952942168876497e-01,-6.459454380870299772e-02,-2.493221448014615316e-01,4.438896123412579553e-01,-3.331179745314431350e-03,1.890388920792717853e-18,9.457618787388429587e-17,-2.344736036993943597e-16,2.795655568878101261e-17
6.395132199066566603e-02,-7.726106855617143054e-01,2.599582398788916837e+00,-8.101470679575323297e-01,6.873795972414336042e-01,-1.719153723652720345e+00,8.788662230387195295e-01,3.599552050955979188e-01,-1.150132295110910752e+00,-9.321137297025902102e-01,7.927266249783744279e-01,-1.312416053703630014e-01,4.585363379549198259e-01,-4.552885183388190593e-01,8.538206416274004423e-03,1.119710870457361201e-02,2.945749686815236341e-16,-6.979763930086382709e-17,-2.774929472906522143e-17,-1.302212989092029976e-19
9.740185619222212488e-01,6.038291825282426917e-01,2.260556680143310349e+00,-7.228367704150944206e-01,-4.701913064719667745e-01,-1.143370024321372247e+00,8.380726999086317575e-01,-1.245880351663984476e+00,-2.119977220679523544e+00,-4.127722015009033241e-01,3.678876893406242132e-01,-2.765438147503153643e-01,1.106241787621377037e+00,1.507273072075429043e-01,-1.735328424515278078e-01,-1.497373491266921867e-03,-3.798288498712722710e-17,4.721599099486247123e-17,-3.031175123521834775e-17,-1.233345847462862613e-19
5.285404261021735550e-01,1.116390692768946952e-01,2.169159788398699051e-01,1.110447772960685198e+00,-1.294947255632317162e+00,1.703815007564172257e-01,3.181236369184414214e-01,-9.838166519784510289e-01,1.235640492726310657e-01,6.218040583777351138e-01,1.221220250172192268e+00,-1.466899408129772320e-01,1.246025954777955969e+00,9.112020572933399176e-02,4.017204190969393962e-01,1.040388551596803726e-02,-2.804784405914071558e-16,1.488767802384934118e-16,-1.320569941149139187e-17,-1.895858830242645637e-18
4.856411609656371975e-01,9.002869392403416160e-02,1.916205137153854099e-01,1.712048856286557119e-01,-1.289276075551647027e+00,2.010727704975716346e-01,7.960756929422226902e-01,-9.564598567549081887e-01,-6.915206393024037057e-01,-6.449184056499570605e-01,1.150681406313655231e+00,-3.711912765745023490e-01,2.085217904151515367e-01,1.849766286108438518e-01,4.809918164966494047e-01,5.938267205304364332e-03,-7.538410236054455793e-17,5.982914721740233580e-17,-3.134347448921640756e-17,-1.603052350183940757e-18
-3.533378467506427256e+00,1.017381743243379155e+00,1.107317137812576124e+00,-1.356584633736100498e+00,4.032492509829308514e-01,-1.630463914533530678e+00,-5.300693508941373144e-02,1.417304050131235726e+00,1.080746081182572427e+00,-1.588346272909434143e-01,4.189000677486070523e-01,1.118272265297432400e+00,7.739003854755734102e-02,1.417823139900090124e-02,1.178028380431777808e-02,2.480350897847886926e-02,2.051663018082969187e-16,-9.000267612053737513e-18,-2.360362499099493845e-17,1.081393980766486565e-18
1.118667086989831416e+00,-1.068767143100676442e+00,1.018477028320601718e+00,5.263339444459215200e-01,2.819607706863953012e-01,-3.120271358851146037e-01,-4.612888048929926210e-01,9.938968733848354761e-03,1.164559348984649523e+00,-9.377366964825928353e-01,1.246813674019879997e-01,-5.753248869566113255e-01,1.508065444176867054e+00,1.744008746187985237e-01,-9.519385346423131500e-02,9.843959304567479959e-03,-1.028142241251776349e-17,-1.255456518799266228e-17,-4.120849511323341642e-17,-3.095825924969008535e-19
2.997324930145255362e+00,-1.483220367307582332e+00,-2.490568192630768229e-01,-3.189802179744226085e-01,-8.470173202958967140e-01,3.422102923497867266e-01,5.056614306738111964e-01,-5.919282361106107393e-01,1.136409968856886055e+00,-6.185133257035511228e-02,-3.147376196835341422e-01,6.195238007004937320e-01,-3.681212512491076061e-01,5.808087492611441194e-01,8.994252521565686276e-02,2.224358639908958352e-02,2.272925694562598012e-17,-3.637037433729100682e-17,9.621142138743931456e-18,-3.300405223876011213e-19
1.740154336552861336e+00,-1.981494045743971810e+00,-4.905084460125367363e-01,6.870731308539990145e-01,2.512023756962020737e-01,3.792629486511642223e-01,5.818661761774688301e-01,4.436613068643745494e-01,7.616971479648491083e-01,2.490398182302747399e-01,-3.098390669526131513e-01,-2.053661039454780513e-01,-5.600461559043315996e-01,-8.762586172612244970e-03,4.730523620996078260e-01,1.418058672471645201e-02,5.914274484302751128e-17,1.623580545372302260e-17,1.689231148942618279e-17,-1.386147708608332985e-18
8.256148379650004587e-01,-7.518654131541218089e-01,1.934793945961750472e+00,-1.057014011944079401e+00,7.904178050909739239e-01,-1.899289365159896548e+00,1.007995484922435514e+00,8.124552420918010887e-01,-3.541476566628575795e-01,-2.449219347239139088e-01,6.518162864933599865e-01,1.686795155899694643e-01,4.755697130930849892e-02,1.862941423986264888e-01,9.080480012309596199e-03,-1.161915751187349473e-02,1.396049474114532843e-16,-3.785869837412247783e-17,-2.875929014738040177e-17,-1.544606723821779021e-20
8.931232018884871504e-01,-2.078650658492688041e+00,1.065889443333662978e+00,-9.796211521329490912e-01,1.653697624583938985e+00,-4.137200988218966424e-01,6.887153624193547152e-01,2.881268970398121465e-01,-1.566105245602949780e-01,2.160312428531589168e-01,1.761716910843779127e-01,-3.559224600994145837e-01,-5.003899724128523241e-01,-1.515735236684369047e-01,1.463041566191614351e-01,-3.514184080738112781e-02,7.315522133858912858e-17,1.622245482324748986e-17,-1.141560377831814825e-18,-4.897775604315529351e-19
2.325914779137276123e-01,-1.457981720276877668e+00,5.665163919300510997e-01,1.149266352008776915e+00,-2.361144898382113583e-02,2.835556237355928433e-01,1.341256484637617652e-01,-1.658371837730146237e-01,4.423923443706519465e-01,-2.671446084568089852e-01,3.928749669800521427e-01,-9.321366669141063488e-01,5.364819742771057554e-01,-3.417702455035849241e-01,4.551174593894178888e-01,-3.906114798136393895e-02,7.418938359560059420e-18,1.322555185185129210e-17,-1.662480614297119187e-17,-1.837536065194771062e-18
2.627785126891962086e+00,-1.133264382604762144e+00,1.758513225574373784e-01,-8.298304470006591105e-01,3.466899829778380959e-01,-7.486529067782591619e-03,6.242482159909448214e-01,-9.626773554966684410e-01,7.731143185158863285e-02,1.126664087192540409e+00,-1.302773346359174189e+00,-6.734675548635288278e-01,1.725081571903903654e-01,3.628077252314810264e-01,-1.264782698544371087e-01,-1.684286984193633305e-02,-2.043138375211870390e-16,2.202256792352716267e-16,2.196279649615833457e-17,-1.392029496877332946e-19
1.705367563286154908e+00,-2.440631389315560451e+00,1.731389074671231043e+00,-7.580229088953355232e-01,2.478074888216126592e-01,-5.978164364269009656e-01,5.220694775428955658e-01,3.590182832581672590e-01,4.989867286367936083e-01,-1.773541120065357246e+00,6.412960324710301717e-03,6.287246084573282490e-01,-5.842677829919280530e-01,-5.630445614062775661e-01,9.495074755990918353e-03,6.556843595646649758e-03,2.779138866979752780e-16,-9.074562756122502948e-17,-1.631812713991516782e-19,-3.455567413164913885e-20
4.020557249712902070e+00,-3.441452844663976940e+00,1.956120623412346715e+00,-4.280600874966636660e+00,-5.852236762355267352e+00,2.280236563852108489e+00,-4.678412764281159930e+00,4.735153636676241007e+00,-2.278375947798847889e+00,1.267947987466017556e+00,2.791478510982509098e-01,-6.770369296054961072e-01,1.938777091956760679e-01,8.331178355778351072e-03,1.170094305581953660e-02,-5.577346086143117359e-05,1.931044657149589802e-17,2.890801904888999564e-17,-1.117206402673576247e-17,1.798132011019420911e-19
2.844296178500684835e+00,-4.632192013217347193e-01,1.267601589930608341e+00,1.304447741933782989e+00,-6.699717552833793777e-01,-1.624011578493009533e-01,1.746181037323129293e-01,-3.539616874113655776e-01,1.161670030893520583e-01,9.184392593046837305e-01,-1.680428120096771061e-01,1.022716348302236566e+00,-1.189270655205081767e-02,6.746246007897527264e-01,2.154682314029190415e-01,3.297510005963807250e-02,-2.439273524757435725e-17,1.004926791549514835e-16,1.671188289819370557e-17,-1.150021199348554637e-18
-2.179314920887591267e+00,6.161581392935602253e-01,1.191825595697947465e-01,-3.234188355583578200e-01,-1.584001069216814050e+00,2.736668117719644466e-01,-4.976034572190382033e-01,-4.464658086239947088e-01,1.340554592249510568e+00,-1.125624392889520875e+00,3.790895290772746118e-01,1.105063375325778585e+00,4.359955335105298313e-01,1.383115295745331319e-01,-8.188515893014579328e-02,-2.065991099867619252e-01,4.463587290125697777e-17,5.534003229018746327e-17,-3.795910131720274609e-17,4.457385782319371951e-19
1.527128152173446995e+00,-1.627246522785065430e+00,-9.305794861511363925e-01,3.672888627625684604e-02,-9.855614689555938224e-01,-1.301120420847446946e-01,6.053307424530783853e-01,-1.255028286485703415e+00,-3.070786919542754512e-01,4.454530630321800744e-01,1.796917728604118247e-01,-2.744163241541252019e-01,-2.529380589861517370e-01,-8.325097850658262633e-02,3.545305574012060923e-01,1.632705398998328394e-02,-8.228136761181489814e-17,6.794228764993463388e-17,1.438755899954718343e-17,-1.345141776596245610e-18
-1.628894189183478503e+00,-1.466243080160455348e+00,-2.488773870009090006e-01,9.611534586562904270e-01,1.014589113084536365e+00,5.936463675167169031e-04,-1.780661849219422610e-01,1.787285702065023463e+00,1.818786213431902388e+00,-3.510720820731416114e-01,3.513970665822697681e-01,-5.197510372701873438e-01,-5.531236071090231965e-01,-9.868137501842869086e-02,-3.009112975533241308e-01,1.555593810343786597e-02,1.544210983192449206e-16,-2.369444464179535637e-16,-1.609162560186540283e-17,5.046222867807017360e-19
-3.343719543805805383e-01,4.506743195066276186e-01,2.920166411974497667e+00,4.086672820209656720e+00,1.540554423008533291e+00,-9.418739875738683098e-01,-6.897652039812414149e-01,2.168342029210676980e+00,-7.171502018900791642e-01,1.391193712139490613e+00,-6.251478912128211052e-02,2.269320563282980208e-01,-3.418155664471883015e-01,3.132604699899210199e-01,-2.712657351417944174e-01,-1.299599570902542321e-02,-2.346784982812074061e-17,1.111488753404601857e-16,3.335423080886250742e-18,-7.948847581774783552e-19
-1.737193074365812606e+00,2.727230356439377945e-01,1.042441303899895200e+00,1.189740786899875946e+00,-9.404231750587216387e-01,7.948846053233812325e-01,-1.135254167429615851e-01,-8.895142432242312269e-01,-9.695262566658953141e-01,-8.799295636646319030e-02,-6.895969724768888920e-01,-1.607875857197637107e-02,-4.063255095524538341e-01,-4.892464142123967297e-01,5.654413157291741931e-02,-6.686339735434358722e-02,-8.983363665434440558e-18,4.794710446809291963e-17,1.667169306343410420e-17,-6.824285635531258852e-19
-3.158077289737207138e+00,1.123722412154152028e+00,-6.975211235861727976e-01,-5.907208514409943989e-01,-3.987709615128831597e-01,-2.263944397132034714e-01,-1.579562003417159244e-01,2.938427758264587908e-01,1.457714870922530492e+00,8.971526379662616568e-01,1.767979727622787933e-01,2.773124306088302071e-01,3.608155781379926430e-01,4.747745594982921702e-01,2.235476127662077706e-01,8.136671235371630007e-02,-9.879647636948690402e-17,5.798352239560627876e-17,-1.453707228743707321e-17,1.312881252067248393e-19
-3.187201573067991678e+00,2.199582058333975076e-01,8.404676382812581448e-02,-7.355691572477918161e-01,-3.784940865164928558e-01,3.964314361237269435e-01,1.455587430821699280e-01,-7.162375012071733327e-01,-1.601720585117327733e-01,2.104414162308576308e-01,-7.300245013351169820e-01,-3.920246413532986751e-01,-1.395923619223922718e-01,-5.666891219811418523e-01,1.453784119503501726e-01,5.733950539979316974e-02,1.401513307716729589e-16,-9.772157650810785614e-17,1.750022767314589060e-17,1.499469484064108386e-19
-3.091166255390305206e+00,4.297532629695631212e-01,6.567550596419086117e-02,-9.435864621662647111e-02,-6.737695071178011197e-02,5.184651072281422080e-01,-6.216751634029173967e-01,-4.731062990326379558e-01,7.258547692317068867e-01,3.207433446949081723e-01,-1.025028201832432151e+00,-4.762050870041475426e-01,5.779530768206667668e-01,-4.762077879623103915e-01,1.419768661237965079e-01,3.931957364681133021e-02,-1.718038837955594457e-16,4.693402351437040496e-17,1.032729966459393582e-17,-1.299237897148492146e-19
-2.141032058185933895e+00,-3.572464901171097384e+00,-6.833979165695474478e+00,1.196033674611937325e+00,1.179996949454089616e+00,-1.588815156463411649e+00,-1.027433149307431792e-01,1.640319557558564068e+00,-3.247086873182155387e+00,-6.226011112058530417e-01,-1.334213965774248667e+00,1.457826982102515156e+00,1.603061328397405116e+00,4.901886245740986192e-01,1.840294234937025764e-01,-1.798076320437606151e-03,-1.462467916337789281e-17,1.676008580258140238e-16,-3.399150031433301044e-17,3.046203117417695691e-19
-3.260995696155451373e+00,7.366572457972007937e-02,-6.395680451009545520e-01,-4.639505581338601581e-01,1.525880636582796664e-02,2.343701941003003830e-01,-5.655750072749268775e-02,8.195520963930669200e-02,1.032950600138835329e+00,6.290608556087083914e-01,-5.325632244554623362e-01,-4.789471271184536638e-01,1.005591879017481011e-01,-2.643903461635139784e-01,2.051906923929779636e-01,2.854446312525691504e-02,-1.193794818746570662e-16,-2.129523431171308047e-18,4.682386477293374805e-18,-1.185533816876169306e-19
-4.262716531273167853e+00,2.233657046155740122e+00,2.325704308724938496e+00,-2.110251384540851483e+00,1.172437188442676803e-01,-1.896883310690145041e+00,1.950072264764906860e-01,4.542884273367618353e-01,-1.021206671763605023e+00,-2.285874880777776785e-01,-3.666509641529828167e-01,1.304369924837447403e+00,-8.563006901918165936e-02,-1.798487735389204256e-01,2.266725899411166367e-01,8.633300448522933379e-02,2.613250251564197350e-16,-5.918081009687291722e-17,-9.903250984088909302e-18,1.006157389980285143e-18
-3.047730835297859819e+00,2.126964264926988868e+00,3.979172073334904525e-01,-1.396355631396076991e+00,1.805990000887189861e-01,-9.210010221710180911e-01,5.485035328986781478e-01,3.635169963167897977e-01,-9.336830660128152548e-01,2.584736251556206676e-01,-3.266967398489400293e-02,-2.036560673954350420e-01,-6.723851135480195529e-01,9.075003962940274560e-01,7.931445688826480045e-02,1.132235600728914889e-02,-4.943125476722684241e-17,-5.925923977932476705e-18,-4.321102792273606719e-17,5.858038280950219175e-19
-2.138373583618644158e+00,-2.771208028493708508e-01,-1.200926477561869321e+00,-4.171172617670333982e-01,-2.993519634122055462e-01,4.346467526679491100e-01,9.154957235337882748e-01,3.959798005025229328e-02,-8.185110809557144540e-01,-2.672001833654992775e-01,-2.296023842296107398e-01,-4.227834940977642231e-01,-5.838114323853677012e-01,-5.900844523954714566e-02,-7.315839134742598004e-02,-1.031061935141777686e-02,-3.215728170435424771e-17,-5.077255098449137188e-17,-5.998634958229651416e-18,2.620218945802416025e-19
-1.867521658246451111e+00,1.608175653765993307e-01,-3.133996278837775096e-01,5.197665638862729309e-02,-9.500075124725466669e-01,5.667977117627380768e-01,-2.166986675346223301e-01,-2.677655136945210068e-01,9.214735705734582449e-01,-7.725770730226045879e-01,6.410332492146855743e-02,4.747007008003620993e-02,-1.239391149295268439e-02,4.240406770286746924e-02,-1.484664087340595295e-01,-3.656179734240156808e-03,5.525667073380834148e-17,-1.552011836948012788e-16,-1.783321843449777849e-17,4.644989841800337815e-19
-3.791976433918102796e+00,1.539301138502816357e+00,5.173929848771394724e-01,-9.392138450655684867e-01,-4.105036506567360521e-01,2.265160272751749054e-02,-4.749183822215208850e-01,-7.530245594095892336e-01,6.015107688114042228e-02,3.241781927375785854e-01,-1.150676683807058565e+00,2.401982512745810122e-02,5.984436829476723618e-01,-2.912085663639916167e-01,3.427744410362395522e-01,-5.407066759038932358e-02,-2.974802173786266519e-17,1.326056323275085833e-16,-8.912596118733794737e-19,-3.233935574745042468e-20
-1.461335965764745781e+00,1.127939384453881644e+00,8.168896459682696287e-01,1.306986242051729530e+00,-1.543386275023171050e+00,4.867672538726439679e-01,-2.745248768097754422e-01,-4.826394616699925533e-01,-2.212106826558633277e-01,-3.132664222756786909e-02,1.764285472115672826e-01,1.123676732271022383e+00,-2.454807721466912007e-01,-6.520205912359179623e-02,1.278205846780866017e-01,1.695206928774084867e-02,2.575592243014531221e-17,1.423361938169520913e-18,1.202029433181004276e-17,-4.931317885848051400e-19
-6.754989031461828830e-01,-7.571982899795032251e-01,4.019681196824366753e-01,1.488080635029145782e+00,2.084669266982538613e-02,5.587147491619784967e-01,5.210372895329739018e-01,-2.437845442485841729e-01,-1.000838560669092159e+00,6.631816172335144310e-01,3.582557636039167270e-02,-9.673797193303501629e-01,-4.890448986834322609e-01,-2.462088938901685065e-01,-5.619630581283917570e-01,1.958004086191274251e-02,-9.171141214312590348e-17,-5.195068267361648212e-17,1.631630008499609248e-17,5.329328208653112589e-20
-2.735476253605400032e+00,1.379132317107130801e+00,-3.954498173128674354e-01,-1.082243899860735326e+00,-1.144003789165705109e-01,-8.917179666395013138e-01,6.127810955585980546e-01,9.776813750666231151e-01,4.435630114977222593e-01,4.735214689618037487e-01,8.690966942469857681e-01,5.224989892143909742e-01,-6.066070157400120788e-01,6.527729873404392036e-01,4.597135505926778359e-02,9.663091122286684986e-02,8.221395125338726683e-18,-1.040635463894300422e-16,-2.373218995126918938e-17,6.975260927410337743e-19
-2.797444656527397377e+00,3.486813418116199714e-01,-1.102036744621375464e+00,-4.191010218029316281e-01,-6.869737582974762002e-01,5.101686336917015119e-01,2.343220281642989233e-01,-3.272569449909002587e-02,5.207248948612880346e-01,2.226505263699155718e-02,-2.405057113631522414e-01,5.597623687681905352e-02,-3.251349279650130875e-01,-6.847696713344818276e-02,2.863180137226272182e-01,-1.063711757585004275e-01,2.159124549761736396e-17,6.376133341552192224e-17,-7.216951766121387430e-18,-1.989088913875728038e-19
-2.635114632409624402e+00,9.486117827051698814e-01,-1.174810980248760739e+00,-1.863430193475349994e-01,-2.862298907032234108e-01,3.876559792747965028e-01,-1.237530417773475833e-01,-3.191992804337576706e-01,8.995177111594033770e-01,1.110954970947970688e+00,-3.234756430482845779e-01,-8.026453233408278320e-01,5.808626973547336148e-01,5.218819629585783604e-01,2.649046882921622312e-02,5.498551120361289124e-02,-2.102750187411034453e-16,-4.882593961138886380e-18,-1.434288049792502662e-17,1.162527653664848604e-19
-4.051512825753111890e+00,2.183418848368786858e+00,2.012651627621058648e+00,-2.005861805268100984e+00,1.852115579655704558e-01,-1.740625156983792943e+00,6.179975016730084869e-01,-1.439921120442458624e-01,-1.761411279983828626e+00,7.317420730818451347e-01,-5.051633420245612571e-01,3.948523287463697740e-01,5.620423405835866387e-02,2.967482756428533805e-02,5.609605791192889823e-02,-1.052036141226719984e-01,4.149719858972996025e-17,2.354576507514700083e-17,-1.835212716612791621e-17,7.201211162776235340e-19
-4.293672811140790913e+00,-2.260462637678492204e+00,2.192003380046792516e-01,-2.105741147556299264e+00,5.756748971857864383e+00,4.778385804240263823e+00,-2.924473578319714218e+00,-2.175883404690438727e+00,-9.936764694342450355e-01,1.210136132337822135e+00,2.304665266470600660e+00,1.646171347991355116e+00,-4.333388711420416706e-01,4.220973139962952425e-01,1.392256303427172603e-01,-4.247698892138600246e-03,4.301861673916267890e-17,5.166503121025976167e-17,-1.054266557122162663e-17,5.257734202932727134e-19
-1.509140773139026059e+00,1.636566911856062942e-02,-3.403050232499584687e-02,1.367268853547246366e+00,2.558446132280566276e-01,5.816201739624563549e-01,7.667386108030702085e-02,3.549381741814289226e-01,-3.856885044771261595e-01,4.653547453132281242e-01,-3.648383820870849115e-01,-7.811962146534885409e-01,-7.101637300545661224e-01,8.872890584191411856e-02,-2.217963192264974653e-02,-4.249584616235724255e-02,-3.624792212449898137e-17,-1.860535447595685339e-17,-1.489353210372640977e-18,-4.666244854842247606e-19
-1.964149422632100794e+00,-1.847096268898068827e-01,-1.317745332368951638e+00,-3.044541016935967126e-01,-8.097526687169861459e-01,4.953839732527914180e-02,8.081347638518538989e-01,1.670087961128192133e-01,4.288601548692471677e-01,4.505347258517756748e-01,6.795970964919691992e-01,2.547573345101736275e-01,-5.098407735573130817e-02,-9.685127346475284893e-02,-2.114459780896589536e-01,1.718911088688067704e-02,-9.524369202328153982e-17,-4.091748762829584678e-18,4.195363476542338270e-18,4.423625785127038996e-19
-3.053450910710516997e+00,6.883751894860463683e-01,5.606229291605067111e-01,6.489386674698384150e-01,-6.609413477357557465e-01,4.604504263398407904e-01,-8.533484582794250706e-01,1.542820816234735104e-01,1.003763454291714208e+00,-3.594519092438785979e-01,-7.515014266672805920e-01,7.640341159177526098e-01,-2.406092910003806151e-01,-1.431210489868212643e-01,6.269914641976802594e-01,-1.474425179360284444e-01,2.936658551666109895e-17,1.892106996177250253e-16,-1.005466050870765713e-17,-1.041657107920984744e-18
-2.070701332287138374e+00,1.285583766010577056e-01,-1.844135379185649404e+00,-2.124818512977098561e-01,-7.459684056959725584e-01,4.317456392122393655e-02,7.369396983905717180e-01,4.576895064094603227e-01,6.538379251210515442e-01,6.542580013801717609e-01,7.321160636286628831e-01,4.352782528190675126e-01,1.501852490596459755e-01,4.575929880226258240e-01,-7.494827781293886271e-02,-6.768119705642361775e-03,-1.291641351133195312e-16,1.844463201509319042e-17,-1.420396570836424983e-17,3.027058639711756617e-19
-3.000925561258146690e+00,2.776665422136508354e-01,1.006061980097390451e+00,-5.719124839346040323e-02,-5.290494489679077317e-01,4.353968287940556681e-01,-1.117550958262325089e+00,-4.543664714353914391e-01,9.375950424393739713e-01,-1.263314176423279367e+00,-1.114290068467055139e+00,3.478267634424561106e-01,6.374522515247209586e-01,-4.172901685492878543e-01,1.392684313255940498e-01,3.003141315233548436e-02,1.739751300376520679e-16,-6.332023835564927692e-17,-1.110079788982160438e-17,2.703731888793298553e-19
-2.566361921805475177e+00,-9.001148700278677195e-01,-8.563707160213643865e-01,-5.020140907714994993e-01,4.112369394533870737e-01,-7.032221527870259614e-02,4.634405143189607168e-01,1.542314684882652553e+00,8.649030873024659005e-01,-1.122633552404066482e+00,1.566101580778762881e-01,7.263450862699757926e-02,-1.163197997738271816e+00,-4.492658872817432980e-03,1.053780477014051448e-01,9.975403646885289133e-03,1.875176930742721608e-16,-1.953061136392418059e-16,-2.472712338101643172e-17,4.134356325040211522e-19
-9.694409007380406784e-01,4.723556962146910898e-01,-8.165338180894087250e-01,1.476931124980851717e-01,-9.243932602320260594e-01,2.438087653624418649e-01,1.751426104749393975e-01,-2.651833367484169313e-01,8.395506800360388322e-01,9.436685751195786342e-02,9.076910808993161606e-01,-2.477856061877867222e-01,4.724584396303666556e-01,5.903952150023465961e-01,-6.522332347089366822e-01,2.391602137104556144e-02,-1.398458526511601233e-16,-6.563676677021595896e-17,-2.826990549928166559e-17,1.068502224457328878e-18
-1.820593787981324541e+00,4.054962608696325854e-01,3.208280967562674446e-01,5.032936054876481213e-01,-3.450151246588077925e-01,-1.150707490046956605e-01,-5.759237286684825152e-01,3.400918888683762686e-01,1.323483210702594226e+00,-1.651489748302751581e-01,2.061934294681824487e-01,2.645091581761292998e-01,6.809390073813670341e-01,2.177243333915848955e-01,-3.106523718908923426e-01,-2.574779761088200405e-02,1.630060831181009765e-18,-9.058222399436140328e-17,-2.470567486805847542e-17,6.656072386950076727e-19
-2.901167102920612528e+00,-7.903217083974291013e-01,-9.330352567784415685e-01,-4.077415310863423126e-01,1.036480959661521650e+00,4.319187610048705883e-01,-2.420620608875779234e-01,-1.484290557372777881e-02,4.633671486534968187e-01,6.847892843029322885e-01,-3.108309322106004857e-01,-1.015031566622681680e+00,-1.150917364164504852e-01,-2.278073716539588400e-01,-6.030828352030415812e-02,-4.583691107520827812e-02,-8.572299700957158424e-18,-7.246573560995560984e-17,-3.699587240534858982e-18,2.731775276577466174e-19
-6.927646529886785087e-01,8.280791795804556266e-01,2.062521605244970191e-01,1.280395223383813175e+00,-1.506360760552713174e+00,4.746165217364256561e-01,3.806867366594347546e-01,-8.068325602944383945e-01,-7.477326642359742870e-01,5.876007082664074233e-01,6.046100287168753029e-01,2.013861155704043393e-01,-1.547007162273366376e-01,4.348346203604731008e-01,-3.343534005803908693e-01,-3.439747212019685779e-02,-1.540552803693856172e-16,-2.788900270179495481e-17,-5.104337179661981386e-18,-1.246426739344765386e-19
-8.499665750998469660e-01,8.730212684644411691e-01,4.232542030747407091e-01,1.701765960043631676e+00,-4.862322219707275184e-01,5.277377809706140788e-01,-6.761770726785586204e-04,6.928168969811647482e-02,-7.613077436870583359e-01,1.321064581535017490e-01,-8.788021809442582433e-03,-2.278887000348168157e-01,-7.437504342387126766e-01,4.183525137529893745e-01,-9.770037632692404883e-02,-2.929158899292724424e-02,-1.085201543538521386e-16,4.619070117423517483e-17,-1.034308162254408648e-17,-4.667314993095551932e-19
-2.246820944701026779e+00,4.948605735470746891e-01,-3.884549601486678716e-01,-2.636293731685390718e-01,-6.325580373070062157e-01,4.031352288570548281e-01,-1.371600631222582023e-01,-6.413322534405252462e-01,6.205183560675437970e-01,1.812463650182134511e-01,-2.632166238041960815e-01,-5.003738430753783550e-01,5.758868974923019302e-01,-6.390337143319277380e-02,-2.355916523359861958e-01,7.827912339587010659e-02,-9.069418825814168624e-17,-6.714022761540470599e-17,-2.601520418270864783e-18,5.890427533441116978e-19
-2.178172550187711831e+00,-1.023464604522586141e+00,-1.934092073418655078e+00,-2.481351895946120809e-02,3.616121043100556931e-01,4.677948125874520358e-01,5.638769942778375510e-01,9.593790654598794987e-01,3.035691654982526910e-01,-3.792765611147402294e-01,-2.638984264562659887e-01,-4.307685742047373534e-01,-2.215463458522790030e-01,6.562018914433591366e-02,-5.007697948579648006e-02,5.458337942824421354e-04,1.802037568596056516e-17,-1.039627681435370595e-16,-1.581618942843646035e-17,3.601722721683142000e-19
-1.904382062036008127e+00,1.061785603682958268e+00,-2.487985518236664473e-01,-1.465947825435442720e-01,-1.608323875964921434e+00,6.717167709704879863e-01,-1.611618209208770247e-01,-1.246376567471924712e+00,2.627764243006875389e-01,-1.296373157004856447e-01,5.491576910052103737e-03,2.465922526526664882e-01,5.578743965547583450e-01,-4.101070002416154492e-02,-1.746872679549220375e-01,9.715426968505741501e-02,-1.036301128221659981e-16,-3.778403397943705913e-17,3.090914103859114085e-18,4.511512867168616397e-19
-2.707835546552383565e+00,1.575449215828236826e-01,-2.599056435153589972e-01,-7.191759901009232570e-01,9.369241023979256733e-01,-1.037299855144813987e-01,7.750961600231282000e-02,8.307814611418404827e-01,4.616373738874304800e-01,-2.247322407746364104e-01,-2.551968902276146034e-01,-8.169794060135483482e-01,-5.405714663039428158e-01,-2.470178871037222862e-02,-9.609795425219852527e-02,-5.453145039853827397e-02,7.103122721722269470e-17,-1.509219528044924095e-16,-2.254744747306186517e-17,7.024766768701588488e-19
-1.081617417686776550e+00,-2.513373948101350064e-01,-1.425456474480191860e+00,2.995601339562214416e-01,-2.123504970166316230e+00,1.020879694144815941e+00,9.219406367970449656e-01,-9.914816394754312201e-01,-5.967951645660704019e-01,-3.793967267435140456e-01,5.460245428315659844e-01,6.024080347513408595e-01,-1.551874932074191193e-01,-8.633391747031647634e-02,-2.270594565269022924e-01,5.244103132082335306e-02,-8.367354117668420691e-17,-3.872764843883022985e-17,1.027425274068273963e-17,1.414081076136685639e-19
-2.180952300408873334e+00,7.170179139845147542e-01,1.122783315799563558e-01,2.894154334307317278e-01,-2.043697015035449427e-01,-3.370145158520865269e-01,-7.327602050637113118e-01,4.557990158449171658e-01,1.798258763705363528e+00,2.862625842041280344e-01,2.587668880700348395e-01,3.174303425634706910e-01,1.109316867383183025e+00,4.704988751782052669e-01,-2.660549322235326586e-01,-1.463583550524643895e-01,-1.215744439000858507e-16,1.229271249784833333e-16,-3.984398020653939170e-17,5.567050829284721226e-19
-1.871585147302073482e+00,-1.332467063594432455e+00,-4.799334383990404795e+00,9.129342509780158377e-01,1.104592114974847078e-01,-4.415349201672067458e+00,-3.951960550000053640e+00,-1.658940917988254826e+00,-7.609933232213651477e-01,1.043276276545007875e+00,5.629988867112507567e-01,-8.115415487126634853e-01,-1.327100168667727509e+00,-2.135158426967057044e-01,2.213437651494665551e-02,8.263563366295660281e-03,-1.288973839610312739e-17,-3.300456615293012705e-17,-1.334750168024082481e-17,2.036064687173947182e-19
-2.284930527309894543e+00,-1.168649447012856529e-01,1.203083477915351196e+00,8.444802444413140874e-01,1.404098555548303207e+00,7.918150882889926079e-01,-1.247518113111983462e+00,2.337932450225880254e-01,8.289761603807582757e-02,-4.200106644180068849e-01,-6.584525693061417106e-01,-2.622717479027432685e-01,-1.515763503977423689e-02,-1.939741526670429872e-02,-4.369998820941903284e-02,6.395670828464812552e-02,3.660579018107725074e-17,-4.207211233855953618e-17,-1.269562498147913811e-17,1.063038625000172096e-19
-2.209676005742037486e+00,-5.868608847460072830e-01,3.865019073650568515e-01,5.869259064767161638e-01,-5.262304511344503277e-01,8.624989835214208478e-01,-2.149021026820348290e-01,-2.567296687956068801e-01,2.483909986899111022e-01,-6.646999657068729528e-01,-5.156602953591615801e-01,1.207278111547946918e-02,-5.970801733412242074e-01,-7.276773919121888312e-01,1.218668586941605153e-01,-8.104839338807957871e-02,1.262131839687021974e-16,-8.738362828374376381e-17,1.156931267192456582e-17,-3.623624892190537730e-19
-8.323738580650381635e-01,-1.440029876439376633e+00,-1.128638774930842414e+00,-1.537363674285052197e-02,-1.297949799111180358e+00,5.023794128324792219e-01,1.217648453102174955e+00,-5.101016666037082314e-02,-3.111259764792930760e-01,-1.179289089443685379e+00,8.188721407009899034e-01,2.675541164867212274e-01,-5.972375825803405425e-01,-2.889713843190482301e-01,-5.798290422877205863e-01,-7.630061685395925393e-03,6.981657190256142639e-17,-1.503773060478331746e-16,-5.025741376578255468e-18,8.652055244056439080e-19
-1.773580675543767304e+00,1.388749844450109794e-01,-2.018611358589945393e-01,8.846055344429893941e-01,-6.034572581950925496e-01,2.339297866019334760e-01,-1.461715466382599027e-01,5.950036558628883920e-01,1.139893563070256022e+00,7.656915511582776390e-02,4.383118178873450788e-01,4.921080124316692395e-01,-3.362110448256079853e-01,8.676862384873276768e-02,4.203069081810147101e-02,-8.997010444138271029e-03,1.519952153591212021e-17,-4.416359372729673653e-17,-5.396083674080811457e-18,-1.633628997540830961e-19
-1.367998910947699986e+00,-2.057080508923077478e+00,-1.892084452698922226e+00,8.756106999003119284e-01,1.096248817507107925e-01,6.468469425374695492e-01,9.316585366717705652e-01,9.131092804636674609e-01,-3.927091849928885936e-01,-3.565868634047206220e-01,-7.334725180027407143e-02,-4.950886664813742427e-02,-1.243233402370270968e-01,-2.694453162721983097e-01,-2.601294641848408418e-01,9.727987067972093671e-03,7.495544916565052276e-17,-1.828436622438849527e-16,4.062606341252493519e-18,2.881494547062889081e-19
-1.283084964696293628e+00,-6.014275476070669590e-01,-2.395097864155636413e-01,7.858179229434754109e-01,-6.108434558672789505e-01,5.714559196002325647e-01,4.694243611646988779e-01,-2.776857786682712659e-01,-9.683866188557568866e-02,2.973667304304822845e-01,1.400071042981580194e-01,-4.371205810187837604e-01,-2.443755047294013660e-01,-5.708659720385477199e-01,-3.715345227830761932e-01,-3.688130658143738000e-02,-3.113914662849967044e-17,-1.062875497514630805e-16,1.960082490116864295e-17,1.645705100514181771e-19
-1.885474778279908836e+00,1.518564812643632689e-01,3.077887451899153359e-01,-5.458973844437357004e-01,-9.157467916543228226e-01,2.554424815451067921e-01,4.000603984978348682e-01,-7.883813225326317120e-01,-4.593812938414817970e-01,-6.947348144031177952e-01,-4.480934570676503581e-02,-2.828774310579805218e-01,-1.832948291366098270e-01,-2.558122921335123090e-01,-3.856496448027771917e-01,5.546908982489647671e-02,-1.975510876846136559e-17,-9.764001017040005013e-17,-4.890338027589308552e-18,7.654370540520653559e-19
1.027695728057743396e-01,9.696503229313790939e-02,2.573371521580710919e+00,3.173255947475431160e+00,7.133689390375155259e-01,-4.217406691256415652e-01,-3.382651328822084968e-01,9.370780822542907895e-01,-1.220247450508908038e+00,5.900143639420841746e-01,-1.387788464688197443e-01,-6.199731279820717977e-02,-2.555244739508630847e-01,1.533509845820790196e-01,-6.123528695215019191e-01,2.652613102058063929e-02,-1.036494569601243949e-16,-9.607167788028603590e-17,3.789641952443668001e-18,-1.049894333058803078e-19
-7.646379997600692979e-01,5.455737219126423065e-01,1.121211565035731272e+00,1.839692265681450944e+00,-2.186805289811753206e-01,1.662377636711943841e-03,-2.104127403871030866e-01,2.994144669391639035e-01,-3.616562067440579620e-01,2.989704778952529396e-01,1.465382569403777813e-01,2.539006594455974625e-02,-2.793835578210048659e-02,1.060135347856916432e-01,-3.957185450280471528e-01,6.083136928694297257e-02,-1.200035122277801178e-17,-4.731173183022231482e-17,1.705508388359567864e-18,1.529529694767008593e-19
-8.042516365261830336e-01,5.070254333987384010e-01,3.892613780426568051e-03,1.565895306498145789e+00,-7.257350586551246652e-01,3.833056860091660356e-02,2.425359337486435451e-01,3.803396273304333053e-01,2.468527475613139788e-01,9.440319186915040461e-01,9.393328386427515220e-01,3.311693676192060676e-01,-2.160749977282204748e-01,5.063752628185798077e-01,-2.892345621031364722e-01,1.230988659908186129e-02,-1.086408538344578845e-16,-7.368222968632536299e-17,-5.133131117498907775e-18,-6.597623853466866769e-20
-3.031475959503339812e+00,1.105349314334749256e+00,2.657642484658558346e-01,-1.216787233368977539e+00,8.434120857564495477e-01,-1.018158724998835751e+00,5.577031893821643438e-01,8.890137553346489918e-01,-2.812311484685843244e-01,4.982881454228307860e-01,-6.946301726604109557e-03,-5.767428397951102070e-01,-5.254993843467706816e-01,3.922415886042234234e-01,-9.861096957411534525e-02,-4.355195792820900497e-02,-4.495409695779096822e-17,-1.840966175615785107e-17,-3.097681857293393867e-17,7.348970489821769074e-19
-4.226987399216915797e+00,2.614732119316978576e+00,7.583889175648231840e-01,-1.313105376528789225e+00,2.470141202891003307e-01,-4.600351535927003632e-01,-5.884661798894746942e-01,-2.871008977660043926e-01,-4.085464727268857121e-01,3.317515570668754799e-01,-1.413082078829327903e+00,-1.859253757569269139e-01,3.849036882311557828e-01,5.255111180226967882e-01,5.146500295393218183e-01,8.463367514894588883e-02,-2.282701031401847745e-16,7.240060499749402813e-17,-2.749720148443548813e-17,-4.843246426648272182e-20
-1.856527299077574966e+00,-3.970489221242385312e-03,-1.266423361653055690e-01,4.161333898150314514e-01,-1.027810747422785109e+00,9.519914262705947428e-01,2.489296322145410356e-01,-1.062204527321333636e+00,-5.528272093742672144e-01,2.542769643823716841e-02,-4.818192879374921800e-01,-5.121157324281232492e-01,-2.675050518366340335e-01,-3.620555784248395415e-01,-7.310207808270458019e-02,-4.969053998813795225e-02,-8.509080651077484248e-17,3.396832225444477057e-17,1.016469785019807409e-17,-2.895523720737928659e-19
-1.415606179437275847e+00,1.689734492348335393e-01,7.913227622811553896e-01,7.062617572811908939e-01,-9.001227987811188935e-01,2.202051342605312045e-01,-2.405896922213515976e-01,-5.315552718598673954e-01,1.462022657471181986e-01,-3.394108216023914992e-01,-1.535724332105077757e-02,1.106431152701220916e-01,4.774192642826904920e-01,-1.086064097132571349e-01,-4.269254996301994343e-01,-3.356086137546302351e-03,-5.036579267921385679e-17,-3.259538242614429826e-17,-8.074318986715832172e-18,4.582180492524093520e-19
-3.628119400777710002e+00,-4.416713978017414721e-01,5.944657280318352832e-01,-8.908238478900386559e-01,6.752926024860448351e-01,3.854487808276182981e-01,-5.929862293465499867e-01,6.009202414741383197e-02,7.671952112083252340e-01,-4.729074744304192501e-01,-5.885093415531799099e-01,1.575553912932777245e-01,-1.105764447758130625e-01,-8.548508787114746932e-01,1.876546211356944216e-01,1.448805900414211478e-01,1.725013246176826798e-16,-1.482187389711813144e-16,1.763892007800906406e-17,4.102429707472183931e-19
2.406155090029030941e+00,-2.182138349019406842e+00,-1.252691442584017878e+00,3.562668089478612798e-01,-7.835451538366828839e-01,-3.916389948092297235e+00,-3.665437809401644653e+00,-2.616372875015389621e+00,2.673040710526095598e-01,-4.451790992300435068e-01,4.551247189540442717e-01,3.471710882202011517e-01,-5.664455783553136170e-01,-4.769244631203808371e-01,-3.963429964149933760e-02,2.283131434904911872e-03,1.187480565878039084e-16,3.127563237221151343e-17,-1.821953711399265842e-18,-7.493177061472208901e-20
1.846877803280898345e+00,-2.594894584524485293e-01,-3.147750480028443931e-02,1.109168321656897882e-01,-1.186654640257779336e+00,4.982443360818356592e-01,3.786953004422369817e-01,-9.534121709392758826e-01,5.326551264652057416e-02,-1.036310428629825031e+00,5.054765629138108229e-01,-1.852862593289232029e-01,8.824821762946515047e-02,7.764546499734390483e-01,2.179316269805998962e-01,1.869912148734211368e-02,-5.050745072143707772e-17,1.106996843096015544e-18,-3.891955955565599294e-17,-8.760278370040775718e-19
1.136616395102555410e+00,-1.245741988180939064e+00,1.294488973488642669e+00,-7.382585571634747712e-01,2.027353873220901492e-01,-9.323989292484889946e-01,9.854424508414864059e-01,-6.746261353227871183e-02,-3.217694744204416812e-01,-6.750473264733296286e-02,2.204029083798224042e-01,-1.388296529694618420e-01,-1.321235009545992760e-02,-1.397680315985750654e-01,6.274375651330399428e-02,-1.854772011003799279e-02,1.036553710155839421e-16,6.121122200926932966e-18,-4.468465955722349985e-18,-4.066437975871737825e-19
2.089562014914469579e+00,-1.660740607823539605e+00,1.247239092987997289e+00,7.104305944694200292e-01,6.209991583425072958e-01,8.863163927653289198e-01,-2.257039731148979267e-01,-5.837065950098806466e-01,-3.915744241507934653e-01,-8.245278203265550276e-01,-7.664594998110266788e-01,-3.110680821487401548e-01,-4.547523471524836935e-01,-2.732518056325600186e-02,2.075910742034761947e-01,1.674043047883493757e-02,5.781587954797922347e-17,2.991417832366577661e-17,3.885339581134677305e-18,-1.011276101367289467e-18
9.434433073110130019e-01,-9.719553568888126271e-01,2.095845167861099423e+00,-1.191684724555357899e+00,1.635164225522373949e+00,-4.466917839763794862e-01,4.128846531850161039e-01,-9.192016034264607338e-01,-1.732674210634618683e+00,2.673346554555863230e-01,-1.038974864966085987e-01,-5.508706756221392054e-01,5.172597749444447501e-01,3.933118234794621450e-03,-1.787486855192431667e-01,-2.873797520709910416e-02,9.469381074035162836e-18,5.901003663651499990e-18,-1.109242916500724898e-17,7.203924266010713908e-20
9.897575554878509374e-01,-9.344166385896950366e-01,8.197903971944293655e-01,-1.258879405768854320e-01,-4.943904777742602064e-01,-6.447168899418617705e-02,7.161349066598025059e-01,-6.753142268482285049e-01,-5.108192828430925259e-01,-8.155613757061863645e-01,3.802971226297995888e-01,-5.291560692447226932e-01,1.163406984391502225e-01,-1.643149526330002774e-01,1.893646766021293559e-01,8.462474303735804948e-03,6.960462623270477168e-17,-2.774788716419514997e-17,-1.575628228664328670e-17,-8.803431216956288241e-19
2.068991565923425480e+00,-2.502957123485842761e+00,5.543076104877685539e-01,5.848173458872752209e-03,1.037662313924704538e+00,-4.886458737037170375e-01,-2.046057157847512575e-01,9.511529460337848629e-01,2.469841518961900295e+00,-8.689697145621094743e-02,-5.465454292231924915e-01,4.334965067859898602e-02,3.462137057672613483e-01,1.546948141881470951e-01,-4.541541482042316807e-02,-1.583411045031652082e-03,9.006244588191299667e-17,6.763007407868783451e-18,-2.652955703366979560e-18,-4.329400838072724884e-20
3.907920272378034854e-01,-1.457282601857286197e+00,-6.455278086769340451e-01,2.445738439681626186e-01,-2.433244373664232019e-01,-2.401753454103227811e-02,1.002361469146290096e+00,3.286536089301180796e-01,4.189203690663765300e-01,-1.180231363253046589e-01,9.082836304204697786e-01,-4.935243556839135071e-01,-1.181463203096927150e-01,8.334094323440072172e-02,5.640374731612411985e-01,3.909101246587809095e-03,1.027248025138708557e-16,1.170630943348218675e-17,-1.952784618353229609e-17,-1.560773118406611222e-18
2.936394893711032239e+00,-9.598848715694558997e-01,-6.264393045651752701e-01,-6.576801718005889086e-01,-8.703687611761680154e-01,1.617677383484815989e-01,9.205504584426625891e-01,-9.584937866588973954e-01,5.689475011829716600e-01,1.086496609313474249e+00,-3.185196386454436923e-01,4.471072597915802249e-01,-1.146927314274628767e-01,7.525252199709776546e-01,6.470410196114992352e-02,7.174973731920252342e-04,-1.915643406363097343e-16,2.100940997351838112e-16,1.835899136160673812e-17,-4.698257034243917710e-19
-1.091716216795072469e+00,1.415936843883560670e+00,2.043406637400322801e+00,2.233524464782407737e+00,-1.148346486602561223e+00,4.626194390910057241e-01,-4.971614563885745630e-01,-5.710907348187839183e-01,-1.542349005669780615e+00,-1.832331261555378565e-01,-5.306800416375220264e-01,8.149170464198626229e-01,-4.207464539182753094e-01,4.509312452891524325e-02,1.317525081303719814e-01,-3.013781001823350597e-02,-1.696002544703040124e-17,1.073041958842584064e-16,6.128044902373714064e-18,-9.587357062893551638e-19
1.321822488579038612e+00,-2.091445414409561554e+00,1.641300397136767009e+00,-9.448199666470508129e-01,2.834900860573499770e+00,1.572442225363509083e+00,-1.180604376481857232e+00,-1.525368020111892209e+00,-7.967194624220351740e-01,-4.700620184990814132e-01,3.194652062385627822e-01,-3.230147642254163620e-02,7.538817374502422286e-01,3.347910569011426363e-01,-2.724586180344729658e-01,-7.689554806735968313e-03,-8.164469312896614864e-18,1.384723899321317310e-17,-2.539124411163147042e-17,3.208081427542109423e-19
1.620734913056529614e+00,-9.413159359917752100e-01,6.583560193615741740e-01,-1.134576679758711570e+00,2.482305062181587862e-01,-1.403699145624274225e+00,1.297356513588011406e+00,8.347932883599699094e-01,4.267989040229725473e-01,4.330988307442896756e-01,7.478124755277354430e-01,7.011145133445915167e-01,-7.541267518125841507e-01,6.015305426859360871e-01,2.072296556419769842e-01,-3.081138240418695301e-02,1.020202736292601217e-16,-1.365083166098886214e-17,-1.268970263236994075e-17,-2.980580979891582586e-19
6.813684857107742410e-01,-1.123305345254593579e+00,1.337906638362468037e+00,-8.567818640782311201e-02,-3.581189633350900237e-01,-5.822175524719193085e-01,5.168453968780988284e-01,-3.297170729922458410e-01,-1.397125641099992467e-02,-8.666403865075479329e-01,7.057046332247626230e-01,-1.593611476252556614e-01,7.392096538783554660e-01,-4.099588008038385079e-01,5.697530785347503651e-02,7.263112532797109770e-03,1.038014036313900413e-16,-4.928183488262536031e-17,-1.771484778663894066e-17,-5.966781125614282164e-19
2.199333241432325892e+00,-1.601768129374739225e+00,1.672144460730995208e+00,1.735570961206624574e+00,8.752881861727263013e-01,-2.156360198292779362e-01,-6.159885706193916205e-02,6.848217073552372858e-01,3.613270898096733741e-01,8.458627060588789215e-01,-7.871455667354450014e-01,2.623872147765767271e-01,-4.127661214880343210e-01,-9.885674228131449692e-02,3.411410181918156925e-01,1.677281677676954047e-02,4.795941637944113616e-17,1.563370326262729987e-16,3.325821171221844602e-17,-1.510861833691747743e-18
1.635958035387736098e+00,-9.358895491503721464e-01,2.159100491986629816e-02,-2.763487970334363997e-01,4.419117294126495565e-01,-3.588708744152157570e-01,3.568375085039947603e-01,-2.434241532250916787e-02,9.340918697887644617e-01,6.056126389694665990e-01,-1.956265387231828079e-01,-7.005713088573858327e-01,5.184505690721676885e-01,6.646883716450139312e-01,4.925449236487874222e-02,-3.039022722534095652e-02,-7.768591742902536506e-17,7.946476815814231985e-17,-2.056703764216312072e-17,-4.179840570491133652e-19
3.133463967652488247e+00,-1.415458741744449522e+00,8.635002308167004648e-01,3.403967418524210253e-01,1.133825141310812884e-01,1.934390145559675700e-01,3.240486018144220770e-01,-6.496989358799118985e-01,6.113437079456538609e-02,8.322647766487950571e-01,-1.422911584800144791e+00,3.411762002883097361e-02,-3.664563571009550880e-01,3.382211128700719494e-01,4.872780021663564859e-02,1.253212941857430145e-02,-2.360790547111484586e-17,9.806456223313087211e-17,3.375025156900063686e-17,-6.150196278665985725e-19
2.566516614786115813e+00,-4.355121206137121947e-01,4.896447920138823906e-01,-9.027743563643548796e-01,-5.811136532281140354e-01,-3.658592135646466237e-01,8.581803295191711145e-01,-7.405720606299405206e-01,-1.348400155906760434e-01,2.303898868087050911e-01,-1.254203056630079360e-01,4.235162117294848372e-01,-1.762515526859705361e-01,5.792941912575071406e-01,-1.133604743837275663e-02,-2.176176966737250126e-02,-1.580557273085329687e-18,1.992765804863961457e-17,1.220068689477142479e-18,-6.013617684935778399e-20
3.240788880853415321e+00,-1.306883518819093482e+00,-4.902242623958925627e-01,-5.510898231693530658e-01,-6.206424609555081240e-01,-1.555013698608289197e+00,-9.179694665053381719e-01,-1.503272696200468328e+00,8.045393969571097426e-01,6.859957438112922468e-01,-2.719697800761428086e-01,6.377540814282534054e-01,-8.887983476326471663e-03,4.127792697354606410e-01,-1.988896846771154581e-01,5.842473518320838444e-03,-1.621593716266106848e-17,7.997192964898438989e-17,1.500715461600857165e-17,3.403632363220775690e-19
1.511237158261581559e+00,-2.161915850000052097e-01,-2.321316549915117544e-01,-1.066253743322999499e-02,-8.749434515960290426e-01,3.035508612776678383e-01,6.941529123448481053e-01,-6.666986585733274406e-01,-2.652007223339752917e-01,-6.515288689757713358e-01,6.187993713195008016e-01,-3.872505608152877477e-01,-2.191379628928291357e-01,6.002508889965559868e-01,3.320878943973802344e-01,2.816213596157154248e-02,-3.237790536935583309e-18,4.708304725698279509e-18,-2.938555064708089609e-17,-1.029646066630706852e-18
2.532772586158064332e+00,-2.012641232398490132e+00,9.116500862915695169e-01,-6.806507016840754876e-01,6.408329535648674691e-01,3.959985017206498759e-01,-2.931097327947870465e-02,-9.044583606404963394e-01,3.640946692973530130e-01,-4.011855944793227824e-01,-1.238724584823494679e+00,-3.123930149725258065e-01,2.118363768264144020e-01,-1.874994991295646576e-02,-2.091290160747527882e-01,-3.948273156528929115e-03,5.772297546930485112e-17,-2.299437156579861921e-17,1.197312697503790391e-17,2.438601904936476347e-19
-2.589397758749519607e+00,5.289860666689897295e-01,7.620433801153180253e-01,-1.041092015814538030e+00,3.920281591974516533e-01,-3.969742946026817432e-01,4.669959249344110552e-01,-2.889391827078037212e-01,-1.004499249532561089e+00,1.090031065797155835e-01,-3.191477901620988766e-01,-7.680231770725691742e-01,-1.250697337697761480e-01,-1.627252372882836140e-01,-3.839041119435106508e-01,-2.596278142874325345e-02,-3.802885993596217357e-18,-9.185550009144123029e-17,-1.203817888059147202e-17,9.681021115193576329e-19
1.396821300294078805e+00,-1.557832882519443407e+00,8.167155245029922295e-02,-4.972188863476446619e-01,9.092452282735233871e-01,-3.082670542374865152e-01,6.712167792140709688e-01,3.190088684862886492e-02,5.334286250178973399e-01,9.023015286752336106e-01,-4.619037681518223804e-01,-9.514811276522588956e-01,6.650751196567095125e-02,2.060257005284317489e-01,1.192749852935433424e-01,-1.729028042262132497e-02,-1.381975050713625735e-17,7.891672566428535946e-18,2.263122442075014269e-18,-5.360300639682946479e-19
9.170283122632830741e-01,1.619652159773950162e+00,-1.247205397909048052e+00,-5.171697354021556059e-01,1.240153438320487078e-01,-3.704629033705231222e-01,1.359771335743862108e+00,4.388128112072929854e-01,-8.315662772650378454e-01,1.266714907312401106e+00,1.699119927540735375e+00,2.519045924046642293e-02,3.110387795425738067e-01,-1.615074534658555327e+00,3.031351292992175428e-01,-1.723559809940232793e-02,4.818318167351728394e-17,6.346049167503858612e-17,7.019713244917041107e-17,-3.859875008106553969e-19
2.600874837411506046e+00,2.979580577008731801e+00,-2.019770358431373758e+00,4.589227652967783344e-01,5.423953191136120511e-01,1.280306729148441791e+00,-3.578565564197374593e-01,4.566164474790674888e-01,-3.216752822133207568e-01,-1.177554651114463002e+00,3.338862634783000827e-01,-1.096913204530264752e+00,-3.328110960027687582e-01,4.083189014195739430e-01,3.600198929709547135e-01,7.607452528058264440e-03,-6.515165911888694494e-17,1.245550875787509794e-17,-1.657199089041405988e-17,-2.163529262903190795e-19
2.799078873365549835e+00,1.736172017751926422e+00,-1.234534172374334382e+00,-1.928059834434996678e-01,1.511092468787648802e+00,-1.916316151110713240e-01,-5.278296959608315131e-01,9.899978090291200461e-01,1.717432638340722795e+00,1.220887721261119774e+00,1.312088432820942285e-01,-3.405379689530473875e-01,1.358284272317750840e+00,-4.654836076432827818e-01,-2.789862288264914891e-01,-1.817331861166083043e-02,-1.125086193853612000e-16,1.380137447408427641e-16,4.253371881176133786e-17,1.076852236826669257e-18
3.870959781722880688e+00,1.154055018087531970e+00,-1.283967625087579334e+00,-1.060063116546463791e+00,5.408416786326565306e-01,2.005137114069957815e-01,2.756128871083316501e-01,1.660245840384532712e-01,8.323155322825317448e-01,8.586257733899582689e-01,-3.163821825614334671e-01,4.380363103281811887e-01,1.405447197431723000e-02,-6.090833832137685366e-01,-2.458126239544346225e-01,-8.227100678230478067e-03,-1.199709274216025022e-17,7.033504230787572973e-17,7.490709210696215736e-17,1.210645541948951355e-18
3.813344278098594220e+00,1.644114170348355497e+00,-4.390739794368699878e-01,-6.734946503530925277e-01,-4.731888814899372075e-01,1.288720880281066794e-01,-6.533053377573875276e-01,-1.080256053695586527e+00,-4.918432182905295158e-01,-1.300205356195184070e+00,-2.071832802656435601e-01,4.744204963413323761e-01,3.389395871548212414e-03,-4.568767057342045246e-01,-2.680443254096323558e-01,1.371854245434538100e-02,5.707259421603555160e-17,-5.781595344514074213e-18,3.175138310643164599e-17,1.133219544758579341e-18
3.792293971016372112e+00,6.254814849731050730e-01,-8.672063471858858508e-01,-1.028647069068914677e+00,3.117604695148943894e-01,8.228469705078601815e-02,1.629956963812476955e-01,5.084090325079964057e-01,1.088904246492472527e+00,-2.954700745393376016e-01,-1.542880937931680879e-02,9.491637250033844175e-01,-4.776202144068488198e-01,-6.408160198234831295e-01,-1.567329095921030646e-01,1.514827827313993628e-03,4.192658378267703750e-17,9.576890080494872697e-17,5.949615187789411677e-17,1.052551132677902365e-18
2.394891587620584961e+00,3.025471480451715767e+00,-1.581708702837308023e+00,3.104535976161924005e-01,9.507750280227812434e-01,-8.173100810880863376e-01,-2.464804242051900296e+00,-6.863128919031601105e-02,-1.527616526989438450e-01,-2.097175826111965513e+00,5.798579931005315435e-01,-1.096757981267908244e+00,3.407188228990168377e-01,2.664317323770352686e-01,5.973853283206525394e-03,-4.253775853734204776e-02,-2.293279303265303647e-17,-4.377106305265603636e-18,-5.331959926671992397e-17,7.258727048490554973e-19
1.845213457684940828e+00,2.602385941413733139e+00,-2.887073551551864625e+00,-6.426831807658590912e-02,8.409305028592634068e-01,5.759871868234246461e-01,5.232957006281995227e-01,6.582432906900609337e-01,-8.259947091248338591e-01,5.668075090959721063e-01,5.379535651913592842e-01,-9.170741708592715646e-01,3.524031901457480020e-01,-9.601690795503953213e-02,3.822959043163787207e-01,-9.234372157556527960e-03,-1.390410254315220515e-16,1.402249251994259000e-16,1.766747457657966799e-17,-2.612061352236889943e-19
2.276475644650074237e+00,1.439616388368268884e+00,1.180667354573122080e-02,1.351072502856089930e+00,6.408983973641486642e-01,-8.399494902086639125e-02,-3.840846760441804508e-01,9.599449758831336554e-01,7.452197757983920479e-01,8.344108299265762252e-01,8.275561402031755831e-01,4.670270854284464535e-01,8.822630210639418324e-01,-1.220086638404766832e+00,6.845066822572289100e-02,1.454177318391069486e-02,4.434076063249189366e-17,1.101265981475279672e-16,6.428250548177183671e-17,-2.181082383459614373e-19
-1.591795181815401916e+00,-3.282925528672107962e+00,-4.150448442584580455e+00,9.265956124648220271e-01,6.628039713232508623e-01,9.481939092859167362e-01,1.491131722137186921e+00,1.573567815421304417e+00,-2.286142042200776991e+00,-1.022120589452792938e+00,-8.602715558247027161e-01,1.217915065495893012e+00,1.184700427368196918e+00,4.486994302751608210e-02,-1.087189960282643336e-01,-1.219464430200413208e-04,3.083802040127418283e-17,1.506624855543738752e-17,-8.933266113861406356e-18,3.668778583138217952e-19
3.889552467454380213e+00,1.993387024988291678e+00,-6.880352198689468346e-02,-1.458246017856951404e+00,4.423942664562637850e-01,-2.803205746268018772e-01,3.143813276025001491e-01,-1.618832922355637749e-01,-4.750755836918448827e-01,6.345336565386852645e-02,-3.957874243993065311e-01,5.954055898206632724e-01,-7.790391977010396873e-03,-2.560089358823656180e-01,-3.634128502428022323e-01,-7.203275476604323151e-03,-6.226990251292402352e-17,1.761471861054063088e-16,4.794209936040058222e-17,1.457203587621626749e-18
3.245617891185009984e+00,2.825196137701616816e+00,-4.988169610249302277e-01,-9.717030949209001234e-01,9.661352237584754921e-01,-1.238511726356552184e-01,-1.305255381224453004e-01,2.906464723686281171e-01,-3.858922682779332147e-01,-3.372451690561475424e-01,-1.266976781219433801e-01,-2.640097276164181661e-01,3.067428240076562340e-01,2.025570565418097213e-01,-2.332601309824078040e-01,-4.784530480380755520e-03,-4.364584854960649600e-17,2.746377646278788430e-17,8.364390426349729502e-18,1.305687080864126794e-18
3.985217539929909236e+00,2.287747123634379598e+00,-1.009172951772333349e+00,-1.024575410452263746e+00,7.397829775060491553e-01,3.755881401971118971e-01,-1.568083130272663883e-01,1.549317554390622076e-01,1.138201063884702879e-01,-3.851786797235672299e-01,-5.710554621299454015e-01,-3.035524422210634371e-02,-2.102167997071552608e-01,2.621535358096196977e-01,-1.987489408624524556e-01,-1.335059675570310356e-02,8.778518473026129929e-17,-1.559135743822860925e-16,2.365406835055052215e-17,1.466896880718264591e-18
3.154567774135982994e+00,3.525909539805766713e+00,-1.099465855570346484e+00,-5.426027240008012287e-01,8.061051564918513268e-01,6.881608946989076214e-01,-3.829072245936840369e-01,3.918006927415185747e-01,-8.540907548760170442e-01,-1.898643656145860392e+00,-2.520380724793110094e-02,-9.015509430554755621e-01,-5.653596663306004189e-01,9.465600958694695422e-01,9.904839201126859616e-02,-6.588347324067002006e-03,-3.300235687380295923e-18,-1.724576328270140084e-17,-4.154064256475578050e-17,7.339393915770731219e-19
3.758350634212578978e+00,2.054205584642316396e+00,-6.145400359949475533e-01,7.294627560846685954e-01,5.096608118290416045e-02,6.729066777689525214e-01,2.719379020401944125e-01,-4.491090315531809374e-01,-8.439897156441310555e-01,1.870840406767477537e+00,-4.795522641890098692e-01,3.603132389050385243e-01,-1.522326240467413716e-01,-6.943668503487741006e-01,1.108773696313274382e-01,4.782946313375489346e-03,-8.704886752772919915e-17,1.464228278741120626e-16,9.849110260765260374e-17,-2.544582681301409593e-19
2.739831650673710595e+00,1.689109644436011193e+00,-1.433106918013871800e+00,-9.953757750367799861e-01,1.343760685569741764e-01,1.125967481435330569e-01,1.102117407463479637e+00,5.335587490045649167e-02,-8.786502383668938210e-01,8.030317346985168525e-01,3.963644977107124712e-01,2.893399192008737630e-01,-3.747548823262510931e-01,-7.920529708094740107e-01,1.196619733191200130e-01,-2.528711623114997253e-02,-3.825992537905271803e-17,1.197371451579263003e-16,6.708267532393850426e-17,2.671205342696359000e-19
4.285459551472652784e+00,8.601760638260980141e-01,-1.080191043960588182e+00,-3.964014234785251389e-01,4.612487167959205409e-02,8.518343493035314129e-01,-1.227588700862677351e-01,3.068360822500579843e-01,8.982880951266097869e-01,-8.847166284301235528e-01,-3.974123360919594727e-01,8.339772909898193198e-01,-8.372666605217179425e-01,-2.776542099290658649e-01,-2.050926109345045656e-02,1.881130945637116483e-02,1.499712894246437947e-16,-7.926546605610348151e-17,5.050367484384985127e-17,8.397652354150620197e-19
2.662464108094700244e+00,2.645636318104835905e+00,6.921744168121868324e-01,1.722100050222373113e+00,5.767253651666275349e-01,2.222227111683975354e-01,-9.522341703720735850e-01,6.974311254125495907e-01,-3.741005805743247148e-01,-7.292798758135411452e-01,4.002931240643718414e-01,2.426048345416740026e-01,7.086954393026925203e-01,-3.663111313512478762e-01,8.875083083667327510e-02,2.556035039684643323e-02,3.542794048299580305e-17,8.470080516507993335e-17,1.432919897114416267e-17,-1.740547125718882782e-19
4.028318879563014043e+00,2.886597342690267354e+00,8.238953748695921897e-01,1.591260600111090717e+00,1.166844614821054282e+00,2.468602848316762410e-01,-1.257738504678604707e+00,1.273519746384291773e+00,-2.633849620557470739e-01,-1.109734807097306764e+00,-5.298288928160476141e-01,6.602973129672994324e-01,-2.736382833679233406e-01,4.128442658728344039e-01,8.542356539366750823e-02,3.294038462760685154e-02,9.469416477655929595e-17,5.515970403546207302e-17,8.272122326507577436e-18,2.945147309076356618e-19
3.971535353593214968e+00,1.712597672777171232e+00,-1.666955966894793528e+00,-9.827526741850616254e-01,6.669275428926343396e-01,5.617950406472863589e-01,1.590816442360127592e-01,4.439737363056259212e-01,3.873533609658286747e-01,-1.681739321349970395e-01,-4.685224564805550718e-01,1.431658654955093313e-01,-7.106564306505920303e-01,1.500132071936050027e-01,-1.655367309974785026e-02,-6.707017587051854191e-03,2.121636898409922534e-17,-2.030353025231997147e-17,3.665488347173222806e-17,1.002664945950716881e-18
